<?xml version="1.0" encoding="UTF-8"?>
<portlet-app xmlns="http://java.sun.com/xml/ns/portlet/portlet-app_2_0.xsd" version="2.0" xmlns:xsi="http://www.w3.org/2001/XMLSchema-instance" xsi:schemaLocation="http://java.sun.com/xml/ns/portlet/portlet-app_2_0.xsd http://java.sun.com/xml/ns/portlet/portlet-app_2_0.xsd" id="com.anico.survey.portlet.SurveyPortlet.7ff8a0dc35">
	<portlet>
		<portlet-name>Survey</portlet-name>
		<display-name xml:lang="en">Survey</display-name>
		<display-name>Survey</display-name>
		<portlet-class>com.anico.survey.portlet.SurveyPortlet</portlet-class>
		<init-param>
			<name>wps.markup</name>
			<value>html</value>
		</init-param>
		<expiration-cache>0</expiration-cache>
		<supports>
			<mime-type>text/html</mime-type>
			<portlet-mode>view</portlet-mode>
		</supports>
		<supported-locale>en</supported-locale>
		<resource-bundle>com.anico.survey.portlet.nl.SurveyPortletResource</resource-bundle>
		<portlet-info>
			<title>Survey</title>
			<short-title>Survey</short-title>
			<keywords>Survey</keywords>
		</portlet-info>
	</portlet>
	<default-namespace>http://Survey_WAR/</default-namespace>
</portlet-app>
