<?xml version="1.0" encoding="UTF-8"?>
<portlet-app xmlns="http://java.sun.com/xml/ns/portlet/portlet-app_2_0.xsd" version="2.0" xmlns:xsi="http://www.w3.org/2001/XMLSchema-instance" xsi:schemaLocation="http://java.sun.com/xml/ns/portlet/portlet-app_2_0.xsd http://java.sun.com/xml/ns/portlet/portlet-app_2_0.xsd" id="com.ibm.cmod_war.CmodPortlet.504d76d305">
	<portlet>
		<portlet-name>Cmod</portlet-name>
		<display-name xml:lang="en">Cmod</display-name>
		<display-name>Cmod</display-name>
		<portlet-class>com.anico.cmod.portlet.CmodPortlet</portlet-class>
		<init-param>
			<name>wps.markup</name>
			<value>html</value>
		</init-param>
		<expiration-cache>0</expiration-cache>
		<supports>
			<mime-type>text/html</mime-type>
			<portlet-mode>view</portlet-mode>
		</supports>
		<supported-locale>en</supported-locale>
		<resource-bundle>com.anico.cmod.portlet.nl.CmodPortletResource</resource-bundle>
		<portlet-info>
			<title>Cmod</title>
			<short-title>Cmod</short-title>
			<keywords>Cmod</keywords>
		</portlet-info>
	</portlet>
	<default-namespace>http://Cmod_WAR/</default-namespace>
</portlet-app>
